<?xml version="1.0" encoding="UTF-8"?>
<sms_data>
    <transaction id="1">
        <sender>John Doe</sender>
        <recipient>Jane Smith</recipient>
        <message>Hello, how are you today?</message>
        <timestamp>2024-01-15 10:30:00</timestamp>
        <amount>0.00</amount>
        <status>sent</status>
    </transaction>
    <transaction id="2">
        <sender>Alice Johnson</sender>
        <recipient>Bob Wilson</recipient>
        <message>Meeting at 2 PM today</message>
        <timestamp>2024-01-15 11:45:00</timestamp>
        <amount>0.00</amount>
        <status>delivered</status>
    </transaction>
    <transaction id="3">
        <sender>Charlie Brown</sender>
        <recipient>Lucy Van Pelt</recipient>
        <message>Don't forget the football!</message>
        <timestamp>2024-01-15 12:15:00</timestamp>
        <amount>0.00</amount>
        <status>sent</status>
    </transaction>
    <transaction id="4">
        <sender>David Miller</sender>
        <recipient>Sarah Connor</recipient>
        <message>Payment of $50.00 received</message>
        <timestamp>2024-01-15 13:20:00</timestamp>
        <amount>50.00</amount>
        <status>delivered</status>
    </transaction>
    <transaction id="5">
        <sender>Emma Davis</sender>
        <recipient>Michael Johnson</recipient>
        <message>Thanks for the help!</message>
        <timestamp>2024-01-15 14:05:00</timestamp>
        <amount>0.00</amount>
        <status>sent</status>
    </transaction>
    <transaction id="6">
        <sender>Frank Wilson</sender>
        <recipient>Grace Lee</recipient>
        <message>Dinner at 7 PM?</message>
        <timestamp>2024-01-15 15:30:00</timestamp>
        <amount>0.00</amount>
        <status>delivered</status>
    </transaction>
    <transaction id="7">
        <sender>Henry Ford</sender>
        <recipient>Mary Smith</recipient>
        <message>Car payment due tomorrow</message>
        <timestamp>2024-01-15 16:45:00</timestamp>
        <amount>300.00</amount>
        <status>sent</status>
    </transaction>
    <transaction id="8">
        <sender>Ivy Chen</sender>
        <recipient>Tom Anderson</recipient>
        <message>Project deadline extended</message>
        <timestamp>2024-01-15 17:10:00</timestamp>
        <amount>0.00</amount>
        <status>delivered</status>
    </transaction>
    <transaction id="9">
        <sender>Jack Black</sender>
        <recipient>Rose White</recipient>
        <message>Movie night tonight?</message>
        <timestamp>2024-01-15 18:00:00</timestamp>
        <amount>0.00</amount>
        <status>sent</status>
    </transaction>
    <transaction id="10">
        <sender>Kate Green</sender>
        <recipient>Luke Skywalker</recipient>
        <message>May the force be with you</message>
        <timestamp>2024-01-15 19:15:00</timestamp>
        <amount>0.00</amount>
        <status>delivered</status>
    </transaction>
    <transaction id="11">
        <sender>Mike Tyson</sender>
        <recipient>Rocky Balboa</recipient>
        <message>Training session at 6 AM</message>
        <timestamp>2024-01-15 20:30:00</timestamp>
        <amount>0.00</amount>
        <status>sent</status>
    </transaction>
    <transaction id="12">
        <sender>Nancy Drew</sender>
        <recipient>Sherlock Holmes</recipient>
        <message>Case solved!</message>
        <timestamp>2024-01-15 21:45:00</timestamp>
        <amount>0.00</amount>
        <status>delivered</status>
    </transaction>
    <transaction id="13">
        <sender>Oliver Twist</sender>
        <recipient>Fagin</recipient>
        <message>Please sir, I want some more</message>
        <timestamp>2024-01-15 22:00:00</timestamp>
        <amount>0.00</amount>
        <status>sent</status>
    </transaction>
    <transaction id="14">
        <sender>Peter Pan</sender>
        <recipient>Wendy Darling</recipient>
        <message>Never grow up!</message>
        <timestamp>2024-01-15 22:30:00</timestamp>
        <amount>0.00</amount>
        <status>delivered</status>
    </transaction>
    <transaction id="15">
        <sender>Queen Elizabeth</sender>
        <recipient>King Arthur</recipient>
        <message>Royal meeting tomorrow</message>
        <timestamp>2024-01-15 23:00:00</timestamp>
        <amount>0.00</amount>
        <status>sent</status>
    </transaction>
    <transaction id="16">
        <sender>Romeo Montague</sender>
        <recipient>Juliet Capulet</recipient>
        <message>What light through yonder window breaks?</message>
        <timestamp>2024-01-15 23:15:00</timestamp>
        <amount>0.00</amount>
        <status>delivered</status>
    </transaction>
    <transaction id="17">
        <sender>Superman</sender>
        <recipient>Batman</recipient>
        <message>Justice League meeting</message>
        <timestamp>2024-01-15 23:30:00</timestamp>
        <amount>0.00</amount>
        <status>sent</status>
    </transaction>
    <transaction id="18">
        <sender>Tony Stark</sender>
        <recipient>Steve Rogers</recipient>
        <message>Avengers assemble!</message>
        <timestamp>2024-01-15 23:45:00</timestamp>
        <amount>0.00</amount>
        <status>delivered</status>
    </transaction>
    <transaction id="19">
        <sender>Ursula</sender>
        <recipient>Ariel</recipient>
        <message>Your voice for legs?</message>
        <timestamp>2024-01-16 00:00:00</timestamp>
        <amount>0.00</amount>
        <status>sent</status>
    </transaction>
    <transaction id="20">
        <sender>Voldemort</sender>
        <recipient>Harry Potter</recipient>
        <message>You know who I am</message>
        <timestamp>2024-01-16 00:15:00</timestamp>
        <amount>0.00</amount>
        <status>delivered</status>
    </transaction>
    <transaction id="21">
        <sender>Wonder Woman</sender>
        <recipient>Aquaman</recipient>
        <message>Underwater mission complete</message>
        <timestamp>2024-01-16 00:30:00</timestamp>
        <amount>0.00</amount>
        <status>sent</status>
    </transaction>
    <transaction id="22">
        <sender>Xavier</sender>
        <recipient>Magneto</recipient>
        <message>Mutant school enrollment</message>
        <timestamp>2024-01-16 00:45:00</timestamp>
        <amount>0.00</amount>
        <status>delivered</status>
    </transaction>
    <transaction id="23">
        <sender>Yoda</sender>
        <recipient>Anakin Skywalker</recipient>
        <message>Fear leads to the dark side</message>
        <timestamp>2024-01-16 01:00:00</timestamp>
        <amount>0.00</amount>
        <status>sent</status>
    </transaction>
    <transaction id="24">
        <sender>Zorro</sender>
        <recipient>Don Diego</recipient>
        <message>The mark of Zorro</message>
        <timestamp>2024-01-16 01:15:00</timestamp>
        <amount>0.00</amount>
        <status>delivered</status>
    </transaction>
    <transaction id="25">
        <sender>Agent Smith</sender>
        <recipient>Neo</recipient>
        <message>Welcome to the Matrix</message>
        <timestamp>2024-01-16 01:30:00</timestamp>
        <amount>0.00</amount>
        <status>sent</status>
    </transaction>
</sms_data>
