[
  {
    "id": 1,
    "sender": "John Doe",
    "recipient": "Jane Smith",
    "message": "Hello, how are you today?",
    "timestamp": "2024-01-15 10:30:00",
    "amount": 0.0,
    "status": "sent"
  },
  {
    "id": 2,
    "sender": "Alice Johnson",
    "recipient": "Bob Wilson",
    "message": "Meeting at 2 PM today",
    "timestamp": "2024-01-15 11:45:00",
    "amount": 0.0,
    "status": "delivered"
  },
  {
    "id": 3,
    "sender": "Charlie Brown",
    "recipient": "Lucy Van Pelt",
    "message": "Don't forget the football!",
    "timestamp": "2024-01-15 12:15:00",
    "amount": 0.0,
    "status": "sent"
  },
  {
    "id": 4,
    "sender": "David Miller",
    "recipient": "Sarah Connor",
    "message": "Payment of $50.00 received",
    "timestamp": "2024-01-15 13:20:00",
    "amount": 50.0,
    "status": "delivered"
  },
  {
    "id": 5,
    "sender": "Emma Davis",
    "recipient": "Michael Johnson",
    "message": "Thanks for the help!",
    "timestamp": "2024-01-15 14:05:00",
    "amount": 0.0,
    "status": "sent"
  },
  {
    "id": 6,
    "sender": "Frank Wilson",
    "recipient": "Grace Lee",
    "message": "Dinner at 7 PM?",
    "timestamp": "2024-01-15 15:30:00",
    "amount": 0.0,
    "status": "delivered"
  },
  {
    "id": 7,
    "sender": "Henry Ford",
    "recipient": "Mary Smith",
    "message": "Car payment due tomorrow",
    "timestamp": "2024-01-15 16:45:00",
    "amount": 300.0,
    "status": "sent"
  },
  {
    "id": 8,
    "sender": "Ivy Chen",
    "recipient": "Tom Anderson",
    "message": "Project deadline extended",
    "timestamp": "2024-01-15 17:10:00",
    "amount": 0.0,
    "status": "delivered"
  },
  {
    "id": 9,
    "sender": "Jack Black",
    "recipient": "Rose White",
    "message": "Movie night tonight?",
    "timestamp": "2024-01-15 18:00:00",
    "amount": 0.0,
    "status": "sent"
  },
  {
    "id": 10,
    "sender": "Kate Green",
    "recipient": "Luke Skywalker",
    "message": "May the force be with you",
    "timestamp": "2024-01-15 19:15:00",
    "amount": 0.0,
    "status": "delivered"
  },
  {
    "id": 11,
    "sender": "Mike Tyson",
    "recipient": "Rocky Balboa",
    "message": "Training session at 6 AM",
    "timestamp": "2024-01-15 20:30:00",
    "amount": 0.0,
    "status": "sent"
  },
  {
    "id": 12,
    "sender": "Nancy Drew",
    "recipient": "Sherlock Holmes",
    "message": "Case solved!",
    "timestamp": "2024-01-15 21:45:00",
    "amount": 0.0,
    "status": "delivered"
  },
  {
    "id": 13,
    "sender": "Oliver Twist",
    "recipient": "Fagin",
    "message": "Please sir, I want some more",
    "timestamp": "2024-01-15 22:00:00",
    "amount": 0.0,
    "status": "sent"
  },
  {
    "id": 14,
    "sender": "Peter Pan",
    "recipient": "Wendy Darling",
    "message": "Never grow up!",
    "timestamp": "2024-01-15 22:30:00",
    "amount": 0.0,
    "status": "delivered"
  },
  {
    "id": 15,
    "sender": "Queen Elizabeth",
    "recipient": "King Arthur",
    "message": "Royal meeting tomorrow",
    "timestamp": "2024-01-15 23:00:00",
    "amount": 0.0,
    "status": "sent"
  },
  {
    "id": 16,
    "sender": "Romeo Montague",
    "recipient": "Juliet Capulet",
    "message": "What light through yonder window breaks?",
    "timestamp": "2024-01-15 23:15:00",
    "amount": 0.0,
    "status": "delivered"
  },
  {
    "id": 17,
    "sender": "Superman",
    "recipient": "Batman",
    "message": "Justice League meeting",
    "timestamp": "2024-01-15 23:30:00",
    "amount": 0.0,
    "status": "sent"
  },
  {
    "id": 18,
    "sender": "Tony Stark",
    "recipient": "Steve Rogers",
    "message": "Avengers assemble!",
    "timestamp": "2024-01-15 23:45:00",
    "amount": 0.0,
    "status": "delivered"
  },
  {
    "id": 19,
    "sender": "Ursula",
    "recipient": "Ariel",
    "message": "Your voice for legs?",
    "timestamp": "2024-01-16 00:00:00",
    "amount": 0.0,
    "status": "sent"
  },
  {
    "id": 20,
    "sender": "Voldemort",
    "recipient": "Harry Potter",
    "message": "You know who I am",
    "timestamp": "2024-01-16 00:15:00",
    "amount": 0.0,
    "status": "delivered"
  },
  {
    "id": 21,
    "sender": "Wonder Woman",
    "recipient": "Aquaman",
    "message": "Underwater mission complete",
    "timestamp": "2024-01-16 00:30:00",
    "amount": 0.0,
    "status": "sent"
  },
  {
    "id": 22,
    "sender": "Xavier",
    "recipient": "Magneto",
    "message": "Mutant school enrollment",
    "timestamp": "2024-01-16 00:45:00",
    "amount": 0.0,
    "status": "delivered"
  },
  {
    "id": 23,
    "sender": "Yoda",
    "recipient": "Anakin Skywalker",
    "message": "Fear leads to the dark side",
    "timestamp": "2024-01-16 01:00:00",
    "amount": 0.0,
    "status": "sent"
  },
  {
    "id": 24,
    "sender": "Zorro",
    "recipient": "Don Diego",
    "message": "The mark of Zorro",
    "timestamp": "2024-01-16 01:15:00",
    "amount": 0.0,
    "status": "delivered"
  },
  {
    "id": 25,
    "sender": "Agent Smith",
    "recipient": "Neo",
    "message": "Welcome to the Matrix",
    "timestamp": "2024-01-16 01:30:00",
    "amount": 0.0,
    "status": "sent"
  }
]